POS,NEG
"경기 회복에 대한 기대감이 높아지며 주식시장이 상승세를 보이고 있습니다.","경기 침체에 대한 우려가 커지며 주식시장이 하락세를 보이고 있습니다."
"기업들의 실적이 개선되며 투자 심리가 살아나고 있습니다.","기업들의 실적이 부진하게 나타나며 투자 심리가 위축되고 있습니다."
"소비가 증가하면서 기업 매출에 대한 기대감이 높아지고 있습니다.","소비가 감소하면서 기업 매출에 대한 우려가 커지고 있습니다."
"금리 인하에 대한 기대감이 커지며 시장에 긍정적인 분위기가 형성되고 있습니다.","금리 인상에 대한 우려가 커지며 투자자들의 부담이 증가하고 있습니다."
"고용 상황이 개선되며 경기 성장에 대한 기대가 높아지고 있습니다.","고용 상황이 악화되며 경기 둔화에 대한 우려가 높아지고 있습니다."
"수출 증가에 대한 기대감으로 기업들의 성장 전망이 개선되고 있습니다.","수출 감소에 대한 우려로 기업들의 성장 전망이 악화되고 있습니다."
"기술 산업의 성장 기대감이 높아지며 기술주가 강세를 보이고 있습니다.","기술 산업의 성장 둔화 우려로 기술주가 약세를 보이고 있습니다."
"반도체 수요 증가 전망으로 관련 기업에 대한 투자 심리가 개선되고 있습니다.","반도체 수요 감소 전망으로 관련 기업에 대한 투자 심리가 위축되고 있습니다."
"AI 산업에 대한 투자가 확대되며 기술주에 대한 관심이 높아지고 있습니다.","AI 산업의 성장 기대가 약화되며 기술주에 대한 투자 심리가 감소하고 있습니다."
"기업들의 신규 투자 확대 소식으로 시장에 긍정적인 분위기가 이어지고 있습니다.","기업들이 투자를 축소하면서 경기 둔화에 대한 우려가 커지고 있습니다."
"경기 부양에 대한 기대감이 높아지며 주식시장에 매수세가 증가하고 있습니다.","경기 회복이 지연될 것이라는 전망이 나오며 주식시장에 매도세가 증가하고 있습니다."
"시장에 유동성이 증가하면서 위험자산에 대한 투자 수요가 높아지고 있습니다.","시장 유동성이 감소하면서 위험자산에 대한 투자 수요가 약해지고 있습니다."
"주요 기업들의 긍정적인 실적 전망으로 시장이 상승세를 보이고 있습니다.","주요 기업들의 부정적인 실적 전망으로 시장이 하락세를 보이고 있습니다."
"글로벌 경기 회복에 대한 기대감이 커지며 투자 심리가 개선되고 있습니다.","글로벌 경기 둔화에 대한 우려가 커지며 투자 심리가 위축되고 있습니다."
"공급망 문제가 완화되며 기업 생산 정상화에 대한 기대감이 높아지고 있습니다.","공급망 차질이 발생하며 기업 생산과 실적에 대한 우려가 높아지고 있습니다."
"기업 생산성이 개선되며 향후 실적 성장에 대한 기대가 확대되고 있습니다.","기업들의 생산 비용이 증가하며 수익성 악화에 대한 우려가 커지고 있습니다."
"신기술 개발에 대한 기대감이 높아지며 관련 기업들의 주가가 상승세를 보이고 있습니다.","신기술 개발이 예상보다 지연되며 관련 기업들의 성장 기대감이 낮아지고 있습니다."
"투자자들의 시장 전망이 개선되면서 주식 매수세가 강해지고 있습니다.","투자자들의 시장 전망이 악화되면서 주식 매도세가 강해지고 있습니다."
"경제지표가 예상보다 좋은 모습을 보이며 시장 전반에 긍정적인 분위기가 형성되고 있습니다.","경제지표가 예상보다 부진한 모습을 보이며 시장 전반에 부정적인 분위기가 형성되고 있습니다."
"시장 불확실성이 줄어들며 투자자들의 위험자산 선호가 증가하고 있습니다.","시장 불확실성이 커지며 투자자들의 안전자산 선호가 증가하고 있습니다."